<Project xmlns="http://namespace.kodakgallery.com/site/20080402/Project">
	<id>0</id>
	<ownerId>97537016106</ownerId>
	<productId>7536098899</productId>
	<name>15 oz Mug Family Memories-1-20-2012</name>
	<hidden>0</hidden>
	<catalogInfo>catId=Mug_15_oz:productId=proSpm1012105002:skuId=skuSpm1012105001</catalogInfo>
	<locked>false</locked>
	<minPages>1</minPages>
	<maxPages>1</maxPages>
	<totalSections>1</totalSections>
	<totalPages>1</totalPages>
	<templateId>4636098899</templateId>
	<section type="0" name="content">
		<id>0</id>
		<seqNo>0</seqNo>
		<customizable>true</customizable>
		<reorder>false</reorder>
		<minPages>1</minPages>
		<maxPages>1</maxPages>
		<page type="0" name="user page">
			<id>0</id>
			<seqNo>0</seqNo>
			<minPages>1</minPages>
			<maxPages>1</maxPages>
			<pageArea>
				<xOff>0</xOff>
				<yOff>0</yOff>
				<height>4.46999979019165</height>
				<width>8.5</width>
			</pageArea>
			<pageContent>
				<canvasContents>
					<canvasContent>
						<id>0</id>
						<seqNo>0</seqNo>
						<canvasId>8736098899</canvasId>
						<photoHoleContent>
							<id>0</id>
							<photoholeId>1836098899</photoholeId>
							<photoId>28726216106</photoId>
							<uri>http://uqmb-gallery.qa.ofoto.com/imaging-site/services/doc/1005:28726216106/jpeg/BG</uri>
							<width>1280</width>
							<height>960</height>
							<transforms>
								<scale>1.4500000000000002</scale>
								<tx>0.015414332469869112</tx>
								<ty>0.5340079550555485</ty>
								<rotate>0</rotate>
								<tint>none</tint>
							</transforms>
						</photoHoleContent>
					</canvasContent>
				</canvasContents>
			</pageContent>
		</page>
	</section>
</Project>
